customer_id,country_name,age,customer_name,is_subscriber,subscriber_type,num_streams
1,united_states,24.0,Kasen Todd,True,aavail_premium,23
2,singapore,33.0,Ensley Garza,False,aavail_unlimited,12
3,united_states,25.0,Lillian Carey,False,aavail_premium,22
4,united_states,23.0,Beau Christensen,True,aavail_basic,19
5,singapore,24.0,Ernesto Gibson,True,aavail_premium,23
6,united_states,25.0,Deshawn Murray,True,aavail_premium,20
7,singapore,52.0,Daxton Tate,False,aavail_basic,18
8,united_states,50.0,Tenley Small,True,aavail_premium,20
9,united_states,24.0,Kyra Chase,False,aavail_premium,24
10,united_states,29.0,London Barber,False,aavail_basic,20
11,united_states,17.0,Rohan Rivas,True,aavail_premium,18
12,singapore,42.0,Romina Ross,True,aavail_unlimited,1
13,united_states,23.0,Liberty Moore,True,aavail_premium,21
14,united_states,22.0,Yusuf Huber,True,aavail_basic,22
15,united_states,26.0,Brantley Suarez,True,aavail_premium,20
16,united_states,25.0,Skyler Ray,True,aavail_basic,5
17,united_states,30.0,Joel Boyd,True,aavail_premium,24
18,singapore,48.0,Zayne Torres,False,aavail_basic,17
19,united_states,31.0,Madden Cross,True,aavail_premium,19
20,united_states,23.0,Jabari Eaton,True,aavail_premium,5
21,singapore,41.0,Claudia Hickman,False,aavail_unlimited,5
22,singapore,44.0,Darwin Parker,False,aavail_basic,19
23,united_states,25.0,Josiah Pruitt,True,aavail_unlimited,23
24,singapore,26.0,Derek Landry,False,aavail_basic,14
25,singapore,23.0,Sage Dejesus,True,aavail_basic,15
26,united_states,27.0,Mikaela Adams,True,aavail_premium,23
27,united_states,24.0,Jimmy Lee,True,aavail_basic,18
28,united_states,22.0,Devin Hubbard,True,aavail_basic,14
29,singapore,24.0,Kameron Miles,True,aavail_basic,18
30,united_states,42.0,Francisco Jennings,True,aavail_unlimited,21
31,united_states,22.0,Dalary Rubio,True,aavail_unlimited,20
32,singapore,28.0,Philip Cunningham,False,aavail_premium,26
33,united_states,31.0,Landyn Park,True,aavail_unlimited,19
34,singapore,40.0,Collins Ayers,False,aavail_unlimited,9
35,singapore,45.0,Cecilia Madden,False,aavail_premium,14
36,singapore,36.0,Bella Valdez,False,aavail_premium,26
37,united_states,41.0,Ishaan Cardenas,True,aavail_premium,23
38,united_states,45.0,Maddox Grimes,True,aavail_basic,21
39,singapore,26.0,Salma Santana,False,aavail_basic,20
40,singapore,25.0,Jaime Blackwell,True,aavail_basic,6
41,united_states,25.0,Cannon Davila,True,aavail_unlimited,19
42,singapore,54.0,Oliver Hinton,False,aavail_unlimited,21
43,united_states,35.0,Santiago Francis,True,aavail_premium,21
44,united_states,29.0,Remi Mayer,True,aavail_unlimited,23
45,singapore,28.0,Kingsley Gutierrez,True,aavail_premium,7
46,singapore,25.0,Megan Shepard,True,aavail_basic,13
47,united_states,46.0,Robert Nava,True,aavail_basic,5
48,united_states,26.0,Elijah Austin,True,aavail_unlimited,19
49,united_states,27.0,Cash Reyes,True,aavail_premium,17
50,singapore,22.0,Ford Nash,True,aavail_unlimited,10
51,united_states,29.0,Isabella Simpson,True,aavail_basic,10
52,united_states,47.0,Lindsey Curry,True,aavail_premium,22
53,united_states,30.0,Chelsea Klein,False,aavail_premium,22
54,united_states,32.0,Kinslee Bender,True,aavail_unlimited,16
55,united_states,28.0,Harvey Hester,True,aavail_basic,18
56,united_states,21.0,Laila Sanford,True,aavail_unlimited,20
57,united_states,19.0,Fox Houston,True,aavail_basic,21
58,united_states,45.0,Dorian Ellis,False,aavail_unlimited,18
59,united_states,27.0,Rafael Barnes,True,aavail_unlimited,6
60,united_states,22.0,Aryan Norton,True,aavail_basic,21
61,united_states,26.0,Mohammad Alvarado,False,aavail_unlimited,19
62,united_states,48.0,Raphael Mccann,True,aavail_premium,16
63,united_states,30.0,Izabella Lawrence,False,aavail_premium,19
64,united_states,47.0,Bowen Sierra,True,aavail_basic,20
65,united_states,23.0,Abram Collier,True,aavail_unlimited,8
66,united_states,24.0,Howard Villa,True,aavail_premium,20
67,united_states,26.0,Harlan Webb,True,aavail_basic,21
68,united_states,21.0,Samara Sims,False,aavail_unlimited,23
69,singapore,23.0,Dominick Reilly,False,aavail_unlimited,19
70,united_states,25.0,Amira Chen,False,aavail_premium,23
71,united_states,24.0,River Mcpherson,True,aavail_premium,24
72,united_states,42.0,Maison Estrada,True,aavail_premium,20
73,united_states,27.0,Mordechai Grant,True,aavail_basic,10
74,united_states,45.0,Elianna Peterson,True,aavail_unlimited,23
75,united_states,32.0,Genesis Weaver,True,aavail_basic,6
76,united_states,25.0,Mabel Miranda,True,aavail_basic,22
77,united_states,22.0,Kamilah Dean,False,aavail_premium,20
78,united_states,29.0,Alfredo Mosley,True,aavail_premium,14
79,united_states,20.0,Magnus Barrett,False,aavail_premium,18
80,singapore,21.0,Jedidiah Walter,False,aavail_unlimited,10
81,singapore,23.0,Ophelia Avila,False,aavail_basic,18
82,united_states,24.0,Lexi Bradley,True,aavail_premium,22
83,united_states,44.0,Jairo Walters,True,aavail_unlimited,23
84,united_states,33.0,Javier Lowe,True,aavail_basic,22
85,united_states,23.0,Gibson Fernandez,True,aavail_basic,21
86,united_states,25.0,Lane Richard,False,aavail_basic,23
87,singapore,26.0,Briar Alvarez,False,aavail_premium,14
88,united_states,28.0,Camille Mora,True,aavail_basic,18
89,united_states,25.0,Melanie Ashley,True,aavail_premium,20
90,united_states,23.0,Carter Sharp,True,aavail_basic,20
91,singapore,27.0,Baker Terrell,False,aavail_basic,19
92,united_states,23.0,Callie Hammond,True,aavail_basic,21
93,united_states,20.0,Amber Marsh,False,aavail_premium,20
94,united_states,44.0,Tristan Travis,True,aavail_basic,10
95,singapore,41.0,Chloe Melton,True,aavail_basic,21
96,united_states,29.0,Dylan Lewis,True,aavail_unlimited,18
97,singapore,39.0,Ellis Mcconnell,True,aavail_premium,13
98,singapore,58.0,Nikolai Lara,False,aavail_basic,18
99,united_states,28.0,Orion Bell,True,aavail_premium,22
100,singapore,23.0,Rylan Roberson,False,aavail_premium,17
101,united_states,24.0,Brysen Reid,True,aavail_basic,24
102,united_states,51.0,Myra Blanchard,True,aavail_unlimited,23
103,united_states,36.0,Jordy Spence,True,aavail_premium,16
104,united_states,22.0,Alijah Copeland,True,aavail_basic,17
105,united_states,26.0,Keilani Woods,True,aavail_premium,5
106,united_states,30.0,Salvatore Robles,True,aavail_unlimited,23
107,united_states,27.0,Saul Rosas,True,aavail_premium,22
108,singapore,28.0,Scarlet Xiong,True,aavail_unlimited,10
109,united_states,44.0,Malik Fletcher,False,aavail_premium,15
110,united_states,27.0,Parker Goodwin,True,aavail_basic,21
111,united_states,52.0,Justice Lynch,True,aavail_premium,22
112,united_states,34.0,Kian Vega,True,aavail_unlimited,19
113,singapore,43.0,Elsie Mcgee,False,aavail_premium,25
114,united_states,25.0,Christina Randolph,True,aavail_unlimited,25
115,united_states,28.0,Myla Stevens,True,aavail_premium,18
116,singapore,27.0,Lara Flynn,False,aavail_premium,18
117,singapore,29.0,Anastasia Khan,False,aavail_basic,16
118,united_states,24.0,Nikolas Adkins,False,aavail_unlimited,24
119,united_states,19.0,Andrea Patrick,True,aavail_basic,18
120,singapore,28.0,Tate Blake,False,aavail_basic,12
121,singapore,26.0,Sky Sherman,False,aavail_unlimited,15
122,united_states,23.0,Cara Palmer,True,aavail_premium,20
123,united_states,24.0,Sutton Hanson,True,aavail_unlimited,21
124,singapore,44.0,Jaxxon Contreras,True,aavail_premium,13
125,united_states,35.0,Graysen Decker,False,aavail_basic,16
126,united_states,32.0,Callum Espinosa,True,aavail_premium,17
127,singapore,23.0,Lyla Orozco,True,aavail_basic,15
128,united_states,22.0,Lyra Atkins,True,aavail_basic,22
129,singapore,25.0,William Pace,False,aavail_unlimited,29
130,united_states,29.0,Raymond Maxwell,True,aavail_unlimited,16
131,united_states,45.0,Everett Long,True,aavail_premium,20
132,united_states,32.0,Hassan Bowman,True,aavail_premium,20
133,united_states,27.0,Leonel Salgado,False,aavail_basic,21
134,singapore,21.0,Grey Carson,True,aavail_unlimited,11
135,united_states,30.0,Hope Hart,True,aavail_premium,20
136,united_states,24.0,Randy Trevino,True,aavail_unlimited,19
137,singapore,22.0,Lee Luna,False,aavail_premium,16
138,united_states,22.0,Ariadne Villanueva,True,aavail_basic,22
139,united_states,28.0,Cairo Washington,True,aavail_premium,17
140,singapore,26.0,Mira Frazier,True,aavail_basic,19
141,singapore,26.0,Rosa Franklin,False,aavail_premium,15
142,united_states,29.0,Ismael Carrillo,True,aavail_unlimited,20
143,united_states,50.0,Jaxx Noble,False,aavail_basic,20
144,united_states,23.0,London Miller,True,aavail_unlimited,24
145,united_states,29.0,Oakley Bailey,True,aavail_premium,19
146,united_states,23.0,Kyng Jefferson,True,aavail_basic,17
147,united_states,31.0,Eliana Romero,True,aavail_premium,20
148,united_states,27.0,Caiden Conner,False,aavail_basic,26
149,united_states,22.0,Cristian Graham,True,aavail_unlimited,17
150,singapore,52.0,Wade Johnson,False,aavail_unlimited,19
151,singapore,19.0,Aubrie Patel,True,aavail_basic,13
152,united_states,27.0,Kamdyn Vargas,True,aavail_basic,22
153,united_states,24.0,Roberto Everett,True,aavail_basic,19
154,united_states,42.0,Eduardo Gould,True,aavail_basic,7
155,singapore,25.0,Kailyn Mullen,True,aavail_basic,18
156,united_states,27.0,Dillon Hodge,True,aavail_basic,22
157,united_states,28.0,Arianna Mullins,False,aavail_basic,23
158,united_states,29.0,Vanessa Blackburn,True,aavail_premium,25
159,united_states,21.0,August Skinner,False,aavail_premium,23
160,singapore,29.0,Willa Lim,False,aavail_premium,7
161,united_states,23.0,Rogelio Richardson,True,aavail_basic,21
162,united_states,18.0,Delilah Oneal,True,aavail_basic,17
163,united_states,21.0,Savannah Peck,True,aavail_basic,17
164,united_states,26.0,Alejandro Reynolds,True,aavail_premium,20
165,united_states,58.0,Maxwell Solomon,True,aavail_premium,17
166,united_states,22.0,Karina Glass,True,aavail_basic,17
167,united_states,24.0,Tommy Berg,True,aavail_premium,19
168,united_states,26.0,Adrien Morrison,False,aavail_basic,19
169,united_states,24.0,Julian Cortez,True,aavail_premium,17
170,singapore,31.0,Levi Ellison,True,aavail_basic,18
171,singapore,24.0,Abby Mcdowell,True,aavail_unlimited,10
172,united_states,21.0,Axel Clayton,True,aavail_premium,16
173,united_states,25.0,Miller Leonard,True,aavail_premium,5
174,singapore,19.0,Gus Merritt,False,aavail_premium,15
175,singapore,23.0,Brooke Paul,True,aavail_basic,9
176,united_states,21.0,Sebastian Calhoun,True,aavail_basic,21
177,united_states,24.0,Clementine Nelson,True,aavail_unlimited,22
178,united_states,45.0,Kye Blevins,True,aavail_basic,20
179,united_states,24.0,Katherine Chandler,False,aavail_basic,18
180,united_states,35.0,Dane Kennedy,True,aavail_premium,20
181,singapore,43.0,Donovan Kent,False,aavail_premium,18
182,united_states,40.0,Garrett Beasley,True,aavail_unlimited,18
183,united_states,28.0,Aileen Mcintosh,False,aavail_basic,17
184,united_states,30.0,Legacy Anthony,True,aavail_premium,6
185,singapore,46.0,Walker Jacobson,True,aavail_basic,20
186,united_states,22.0,Valery Schultz,True,aavail_premium,22
187,united_states,31.0,Vivian Gallagher,True,aavail_unlimited,18
188,united_states,42.0,Archer Gilmore,True,aavail_premium,25
189,united_states,38.0,Jaxton Woodward,True,aavail_premium,22
190,singapore,23.0,Jett Floyd,False,aavail_premium,15
191,united_states,25.0,Leland Stein,True,aavail_unlimited,15
192,united_states,27.0,Khloe Wade,True,aavail_unlimited,25
193,singapore,37.0,Charlotte Patton,True,aavail_premium,17
194,united_states,55.0,Sabrina Morales,True,aavail_unlimited,20
195,singapore,32.0,Wells Arias,False,aavail_unlimited,18
196,united_states,23.0,Prince Hurley,True,aavail_premium,20
197,singapore,46.0,Marie Cain,False,aavail_basic,18
198,united_states,20.0,Ariah Davenport,False,aavail_premium,19
199,united_states,29.0,Jewel Delacruz,True,aavail_basic,14
200,united_states,33.0,Ezra Herman,True,aavail_unlimited,19
201,united_states,22.0,Tinley Bush,True,aavail_premium,19
202,singapore,24.0,Malcolm Reed,True,aavail_basic,8
203,united_states,22.0,Byron Gilbert,True,aavail_basic,21
204,united_states,24.0,Simone Wheeler,True,aavail_basic,8
205,united_states,46.0,Alia Bruce,True,aavail_premium,19
206,singapore,22.0,Lian Conrad,False,aavail_premium,13
207,united_states,42.0,Augustine Gillespie,True,aavail_premium,18
208,united_states,26.0,Peyton Beck,True,aavail_basic,18
209,united_states,25.0,Omar Valencia,True,aavail_unlimited,16
210,united_states,23.0,Micah Freeman,True,aavail_basic,20
211,united_states,28.0,Gunner Marin,True,aavail_basic,25
212,singapore,26.0,Annabel Yu,True,aavail_unlimited,12
213,united_states,19.0,Elisa Holloway,True,aavail_basic,19
214,singapore,28.0,Quinton Dixon,True,aavail_basic,12
215,united_states,26.0,Henley Bond,True,aavail_basic,25
216,singapore,43.0,Braden Rowe,False,aavail_unlimited,15
217,singapore,29.0,Graham Knox,False,aavail_unlimited,17
218,united_states,48.0,Malia Quintero,True,aavail_unlimited,23
219,united_states,25.0,Celine Hines,True,aavail_basic,22
220,singapore,23.0,Wren Whitehead,False,aavail_unlimited,18
221,united_states,24.0,Avalynn Higgins,True,aavail_premium,21
222,united_states,27.0,Colin Erickson,False,aavail_basic,24
223,united_states,23.0,Jamari Gomez,True,aavail_unlimited,25
224,united_states,50.0,Misael Riley,True,aavail_basic,13
225,united_states,38.0,Merrick Soto,True,aavail_basic,17
226,singapore,24.0,Ryland Vincent,True,aavail_unlimited,13
227,singapore,24.0,Maia Buchanan,False,aavail_unlimited,8
228,united_states,43.0,Noe Whitney,True,aavail_premium,16
229,united_states,22.0,Dakota Mclean,True,aavail_premium,21
230,united_states,40.0,Della Michael,True,aavail_premium,18
231,united_states,47.0,Kaylin Tucker,False,aavail_unlimited,21
232,singapore,42.0,Xander Bryan,True,aavail_unlimited,14
233,singapore,23.0,Desmond Fox,False,aavail_unlimited,20
234,united_states,26.0,Greyson Mcclain,True,aavail_basic,17
235,united_states,29.0,Dash Lam,True,aavail_basic,16
236,united_states,26.0,Brooklynn Watts,True,aavail_basic,16
237,singapore,43.0,Alexander Charles,True,aavail_basic,22
238,united_states,25.0,Jeremy Donaldson,True,aavail_premium,22
239,united_states,23.0,Emory Saunders,True,aavail_basic,18
240,united_states,41.0,Maurice Jarvis,True,aavail_premium,16
241,united_states,42.0,Mariam Stephenson,False,aavail_unlimited,25
242,united_states,53.0,Isabel Rodriguez,False,aavail_premium,21
243,singapore,57.0,Zainab Hood,False,aavail_premium,9
244,united_states,28.0,Camden Fitzpatrick,True,aavail_basic,13
245,united_states,26.0,Joe Young,True,aavail_basic,16
246,united_states,45.0,Ariyah Castaneda,True,aavail_basic,20
247,singapore,23.0,Harold Dodson,True,aavail_basic,14
248,singapore,28.0,Saoirse Kirk,False,aavail_unlimited,10
249,united_states,26.0,Kaliyah Haynes,True,aavail_basic,16
250,united_states,23.0,Giselle Mahoney,False,aavail_premium,22
251,singapore,42.0,Landry Obrien,False,aavail_premium,9
252,singapore,25.0,Vivaan Chan,False,aavail_basic,9
253,united_states,24.0,Treasure Hawkins,True,aavail_basic,15
254,united_states,33.0,Valentin Lin,True,aavail_basic,19
255,united_states,26.0,Andre Randall,True,aavail_basic,19
256,singapore,26.0,Hayes Armstrong,False,aavail_premium,18
257,united_states,26.0,Hadley Booth,True,aavail_premium,16
258,united_states,33.0,Kalani Thomas,True,aavail_unlimited,21
259,singapore,29.0,Mateo Dalton,False,aavail_premium,6
260,singapore,25.0,Dominik Maddox,False,aavail_basic,13
261,united_states,23.0,Luna Parsons,True,aavail_unlimited,21
262,united_states,28.0,Liana Schmidt,True,aavail_unlimited,23
263,singapore,24.0,Mason Swanson,False,aavail_unlimited,14
264,united_states,38.0,Luis Cano,True,aavail_premium,25
265,united_states,22.0,Linda Lloyd,False,aavail_unlimited,21
266,united_states,42.0,Jamie Stephens,True,aavail_basic,14
267,singapore,21.0,Delaney Sexton,False,aavail_premium,9
268,united_states,30.0,Keily Hobbs,True,aavail_basic,21
269,united_states,25.0,Hudson Ortega,True,aavail_premium,21
270,united_states,39.0,Taylor Nguyen,True,aavail_premium,24
271,united_states,22.0,Chanel Salazar,True,aavail_basic,19
272,united_states,24.0,Michelle Gallegos,True,aavail_unlimited,22
273,united_states,27.0,Bonnie Duncan,True,aavail_unlimited,8
274,united_states,24.0,Laurel James,True,aavail_unlimited,23
275,united_states,21.0,Dariel Esquivel,True,aavail_premium,15
276,united_states,26.0,Tony Munoz,True,aavail_premium,18
277,united_states,29.0,Kallie Valentine,True,aavail_basic,18
278,united_states,28.0,Avah Leblanc,True,aavail_basic,17
279,united_states,23.0,Remington Figueroa,False,aavail_premium,22
280,united_states,39.0,Zaniyah Maldonado,True,aavail_unlimited,14
281,united_states,52.0,Arlette Garner,True,aavail_unlimited,19
282,united_states,43.0,Mohamed Fields,True,aavail_premium,18
283,united_states,29.0,Kash Dominguez,False,aavail_unlimited,21
284,singapore,26.0,Jace Rasmussen,False,aavail_unlimited,22
285,united_states,29.0,Derrick Curtis,True,aavail_premium,20
286,united_states,27.0,Tucker Juarez,True,aavail_premium,19
287,united_states,20.0,Jayceon Horton,True,aavail_basic,22
288,united_states,30.0,Jon Rowland,True,aavail_unlimited,23
289,united_states,25.0,Jesse Brown,True,aavail_premium,21
290,united_states,26.0,Curtis Little,True,aavail_basic,23
291,united_states,44.0,Jaiden White,True,aavail_premium,12
292,united_states,21.0,Aden Duffy,False,aavail_unlimited,5
293,united_states,26.0,Eve Nichols,True,aavail_basic,17
294,united_states,28.0,Justin Stafford,True,aavail_basic,22
295,united_states,31.0,Bishop Weber,True,aavail_unlimited,19
296,united_states,29.0,Jeffrey Phan,True,aavail_unlimited,20
297,united_states,38.0,Caroline Brock,True,aavail_basic,6
298,singapore,50.0,Ariel Espinoza,False,aavail_unlimited,27
299,united_states,27.0,Jolie Guerra,True,aavail_premium,20
300,united_states,42.0,Israel Perry,True,aavail_premium,22
301,singapore,40.0,Jamie Fisher,False,aavail_basic,18
302,singapore,34.0,Joziah Spears,False,aavail_basic,16
303,united_states,43.0,Bowie Stevenson,True,aavail_unlimited,21
304,singapore,20.0,Leila Quintana,False,aavail_unlimited,12
305,singapore,25.0,Maleah Keller,False,aavail_basic,20
306,united_states,23.0,Alma Robbins,True,aavail_premium,23
307,united_states,26.0,Kalel Daniel,True,aavail_premium,17
308,united_states,40.0,Otto Underwood,True,aavail_basic,22
309,united_states,21.0,Taliyah Garrett,True,aavail_basic,13
310,united_states,53.0,Luca Tran,True,aavail_premium,13
311,singapore,54.0,Marcel Medina,True,aavail_basic,10
312,singapore,36.0,Nova Flores,False,aavail_basic,9
313,united_states,36.0,John Crosby,False,aavail_basic,20
314,singapore,24.0,Reign Montes,False,aavail_unlimited,1
315,united_states,23.0,Rosie Kramer,True,aavail_basic,23
316,singapore,23.0,Kamryn Maynard,False,aavail_premium,22
317,united_states,23.0,Alaric Levy,True,aavail_premium,15
318,singapore,25.0,Ruben Camacho,True,aavail_premium,8
319,united_states,26.0,Landon Ramos,False,aavail_unlimited,19
320,united_states,41.0,Jonah Moran,False,aavail_basic,22
321,united_states,18.0,Alex Massey,True,aavail_basic,21
322,singapore,18.0,Amy Schneider,True,aavail_unlimited,11
323,united_states,24.0,Rory York,True,aavail_premium,9
324,united_states,24.0,Benjamin Lawson,True,aavail_premium,4
325,united_states,26.0,Nora Dunn,True,aavail_premium,12
326,united_states,37.0,Arielle Gross,True,aavail_premium,12
327,united_states,23.0,Finn Delgado,True,aavail_basic,21
328,united_states,44.0,Jillian Rios,False,aavail_unlimited,9
329,united_states,25.0,Vincenzo Mckinney,True,aavail_premium,19
330,united_states,41.0,Dax Ryan,True,aavail_unlimited,20
331,united_states,25.0,Keanu Sullivan,True,aavail_basic,21
332,united_states,23.0,Emilee Green,True,aavail_premium,20
333,united_states,28.0,Caden Vazquez,True,aavail_basic,23
334,united_states,45.0,Esteban Navarro,True,aavail_unlimited,21
335,united_states,26.0,Titus Harvey,False,aavail_basic,17
336,singapore,27.0,Rhys Schwartz,False,aavail_basic,18
337,singapore,49.0,Helen Moss,True,aavail_basic,14
338,united_states,37.0,Talia Edwards,True,aavail_premium,12
339,singapore,25.0,Dawson Orr,True,aavail_basic,18
340,singapore,48.0,Yosef Bentley,False,aavail_unlimited,10
341,singapore,31.0,Cesar Barnett,True,aavail_basic,18
342,singapore,27.0,Atlas Trejo,True,aavail_basic,22
343,united_states,24.0,Roger Reese,True,aavail_premium,19
344,united_states,39.0,Frank Warren,False,aavail_unlimited,17
345,united_states,56.0,Edwin Frederick,False,aavail_basic,21
346,united_states,27.0,Ana Pacheco,True,aavail_basic,19
347,singapore,20.0,Noemi Bradford,False,aavail_premium,16
348,united_states,25.0,Duke Giles,True,aavail_unlimited,21
349,united_states,53.0,Kaiser Santos,True,aavail_basic,22
350,united_states,42.0,Carly Norris,True,aavail_basic,18
351,united_states,26.0,Cedric Flowers,True,aavail_basic,21
352,united_states,36.0,Emilia Odonnell,False,aavail_unlimited,14
353,united_states,36.0,Iliana Clements,True,aavail_basic,26
354,united_states,25.0,Albert Lowery,True,aavail_unlimited,22
355,united_states,24.0,Casen Mccarty,True,aavail_unlimited,22
356,united_states,22.0,Emmalyn Moses,True,aavail_premium,25
357,united_states,23.0,Miguel Lu,True,aavail_unlimited,19
358,singapore,25.0,Jude Mcbride,False,aavail_basic,11
359,united_states,22.0,Irene Durham,True,aavail_premium,20
360,united_states,48.0,Markus Mcguire,True,aavail_basic,18
361,united_states,30.0,Fernando Serrano,True,aavail_unlimited,12
362,united_states,17.0,Rowan Moyer,True,aavail_unlimited,17
363,united_states,24.0,Isaiah Herrera,True,aavail_premium,22
364,united_states,25.0,Trace King,True,aavail_basic,21
365,united_states,27.0,Angel Hurst,False,aavail_unlimited,17
366,singapore,22.0,Enrique Palacios,False,aavail_premium,13
367,singapore,28.0,Lennox Dudley,False,aavail_unlimited,10
368,united_states,21.0,Louisa Lester,True,aavail_unlimited,25
369,united_states,23.0,Bryson Mayo,True,aavail_basic,17
370,singapore,27.0,Charles Tanner,True,aavail_unlimited,15
371,singapore,42.0,Camilo Monroe,True,aavail_premium,14
372,united_states,28.0,Mohammed Farley,False,aavail_basic,23
373,united_states,21.0,Tristian Hail,True,aavail_basic,15
374,united_states,49.0,Aliya Hardin,True,aavail_unlimited,9
375,united_states,33.0,Daniel Dickson,False,aavail_premium,22
376,united_states,22.0,Julius Leacock,True,aavail_basic,20
377,united_states,56.0,Zariyah Velazquez,True,aavail_premium,19
378,united_states,21.0,Lorenzo Magana,True,aavail_premium,22
379,united_states,27.0,Mya Humphrey,False,aavail_premium,17
380,united_states,38.0,Arthur Dyer,True,aavail_basic,17
381,united_states,36.0,Arian Cobb,True,aavail_unlimited,18
382,united_states,44.0,Elizabeth Baxter,True,aavail_basic,13
383,united_states,24.0,Gabriella Stanton,True,aavail_basic,20
384,united_states,24.0,Dayana Petersen,True,aavail_premium,24
385,singapore,27.0,Vienna Hoover,False,aavail_unlimited,11
386,united_states,20.0,Egypt Carr,True,aavail_premium,20
387,united_states,20.0,Keith Burgess,True,aavail_basic,19
388,united_states,23.0,Jaxtyn Galindo,True,aavail_unlimited,18
389,united_states,50.0,Jada Scott,True,aavail_premium,15
390,singapore,28.0,Kaiya Hutchinson,True,aavail_unlimited,13
391,singapore,23.0,Kaylee Acevedo,True,aavail_basic,11
392,united_states,30.0,Bryce Morrow,True,aavail_premium,20
393,united_states,29.0,Gatlin Mack,True,aavail_premium,3
394,singapore,26.0,Selena Shaffer,False,aavail_unlimited,10
395,singapore,26.0,Caleb Fleming,False,aavail_basic,21
396,united_states,26.0,Liliana Morse,True,aavail_premium,17
397,singapore,25.0,Eleanor Huffman,True,aavail_basic,15
398,singapore,37.0,Emanuel Oneill,False,aavail_unlimited,13
399,united_states,42.0,Arabella Hampton,True,aavail_unlimited,18
400,united_states,24.0,Siena Watson,True,aavail_premium,21
401,singapore,24.0,Brodie Hill,True,aavail_premium,16
402,united_states,51.0,Joanna Rivers,True,aavail_basic,22
403,united_states,33.0,Ben Sanders,True,aavail_unlimited,21
404,singapore,22.0,Ember Mcdaniel,True,aavail_premium,10
405,united_states,44.0,Eugene Koch,True,aavail_unlimited,25
406,singapore,18.0,Greta Greer,True,aavail_unlimited,22
407,united_states,40.0,Camdyn Pugh,True,aavail_premium,19
408,united_states,44.0,Gary Gibbs,False,aavail_unlimited,14
409,united_states,28.0,Lilian Larson,False,aavail_premium,25
410,united_states,47.0,Gunnar Powers,True,aavail_unlimited,12
411,united_states,25.0,Brecken Alfaro,False,aavail_premium,22
412,singapore,44.0,Carolyn Fowler,True,aavail_premium,21
413,singapore,25.0,Nadia Coleman,False,aavail_basic,18
414,united_states,37.0,Ahmad Dougherty,True,aavail_unlimited,21
415,united_states,26.0,Alianna Schaefer,True,aavail_premium,23
416,united_states,23.0,Jacoby Cherry,True,aavail_unlimited,16
417,united_states,22.0,Jensen Meadows,True,aavail_basic,13
418,united_states,40.0,Remington Rojas,True,aavail_basic,18
419,united_states,52.0,Rebekah Graves,True,aavail_basic,22
420,united_states,44.0,Jazmine Zhang,True,aavail_premium,17
421,united_states,48.0,Sarah Mcmillan,True,aavail_basic,20
422,singapore,24.0,Leia Macias,False,aavail_premium,6
423,singapore,29.0,Erick Kane,True,aavail_basic,20
424,singapore,21.0,Jamal Wolfe,False,aavail_premium,15
425,singapore,17.0,Myles Barr,False,aavail_basic,16
426,united_states,23.0,Dangelo Douglas,True,aavail_premium,20
427,singapore,28.0,Case Stout,True,aavail_basic,19
428,united_states,20.0,Melissa Cameron,True,aavail_basic,24
429,singapore,20.0,Nathan Ruiz,False,aavail_basic,22
430,singapore,26.0,Cameron Becker,False,aavail_unlimited,6
431,united_states,33.0,Houston Benton,True,aavail_unlimited,8
432,united_states,45.0,Kiana Craig,True,aavail_unlimited,14
433,singapore,48.0,Alison Cline,False,aavail_basic,17
434,united_states,41.0,Cullen Daniels,True,aavail_unlimited,19
435,united_states,21.0,Lawrence Buck,True,aavail_unlimited,20
436,united_states,21.0,Jaylene Barry,False,aavail_unlimited,25
437,singapore,38.0,Cassius Finley,False,aavail_basic,19
438,singapore,25.0,Milena Melendez,False,aavail_unlimited,28
439,united_states,29.0,Maggie Glenn,True,aavail_premium,19
440,singapore,23.0,Nolan Salas,True,aavail_premium,21
441,singapore,20.0,Ricardo Howell,True,aavail_unlimited,22
442,united_states,26.0,Judith Hunt,True,aavail_basic,19
443,united_states,26.0,Alvin Cooper,True,aavail_basic,18
444,united_states,30.0,Adrian Roth,True,aavail_premium,16
445,united_states,27.0,Adeline Mcfarland,True,aavail_basic,22
446,united_states,27.0,Iris Hernandez,True,aavail_basic,20
447,united_states,48.0,Kimber Roberts,True,aavail_unlimited,20
448,singapore,24.0,Raina Ayala,True,aavail_basic,13
449,united_states,32.0,Moshe Mccormick,True,aavail_unlimited,22
450,united_states,50.0,Kase Watkins,True,aavail_premium,15
451,singapore,24.0,Helena Garrison,True,aavail_basic,19
452,united_states,23.0,Ace Crane,True,aavail_unlimited,23
453,singapore,30.0,George Butler,False,aavail_unlimited,12
454,singapore,21.0,Mallory Wilcox,True,aavail_basic,7
455,united_states,19.0,Nehemiah Bravo,True,aavail_premium,14
456,united_states,38.0,Tadeo Davis,False,aavail_basic,12
457,united_states,25.0,Kellen Castillo,True,aavail_premium,18
458,united_states,25.0,Kevin Garcia,True,aavail_premium,11
459,singapore,23.0,Noah Vaughan,True,aavail_basic,10
460,united_states,28.0,Damien Berry,True,aavail_unlimited,19
461,singapore,21.0,Nixon Perkins,True,aavail_basic,8
462,united_states,25.0,Malaya Tang,True,aavail_premium,24
463,united_states,23.0,Raelyn Acosta,True,aavail_basic,17
464,united_states,22.0,Asa Pierce,True,aavail_unlimited,18
465,united_states,25.0,Amanda Cox,True,aavail_unlimited,8
466,united_states,28.0,Ridge Christian,True,aavail_premium,22
467,singapore,40.0,Kylo Kaur,True,aavail_basic,22
468,singapore,31.0,Kayla Bennett,False,aavail_unlimited,11
469,united_states,27.0,Atticus Morris,True,aavail_basic,18
470,united_states,17.0,Catalina Arroyo,True,aavail_premium,13
471,united_states,42.0,Kamari Waller,True,aavail_premium,19
472,singapore,25.0,Nancy Webster,True,aavail_basic,19
473,united_states,25.0,Ali Rivera,False,aavail_unlimited,20
474,singapore,53.0,Alondra Middleton,True,aavail_basic,11
475,singapore,46.0,Braylen Compton,False,aavail_unlimited,13
476,united_states,28.0,Evelynn Stewart,True,aavail_premium,22
477,united_states,26.0,Emmitt Hoffman,True,aavail_unlimited,17
478,singapore,35.0,Bobby Anderson,True,aavail_basic,12
479,united_states,42.0,Ivanna Owen,True,aavail_unlimited,23
480,singapore,42.0,Maddux Liu,True,aavail_unlimited,18
481,singapore,29.0,Regina Quinn,False,aavail_unlimited,8
482,united_states,26.0,Raquel Walls,True,aavail_premium,21
483,united_states,30.0,Kendall Gordon,True,aavail_premium,11
484,singapore,36.0,Sierra Whitaker,False,aavail_premium,4
485,singapore,24.0,Angelo Santiago,True,aavail_basic,15
486,singapore,24.0,Averie Delarosa,True,aavail_premium,17
487,united_states,42.0,Bentley Terry,True,aavail_unlimited,16
488,singapore,27.0,Henrik Pearson,False,aavail_unlimited,15
489,singapore,41.0,Pearl Wood,True,aavail_unlimited,5
490,singapore,23.0,Kelsey Jones,True,aavail_premium,13
491,singapore,23.0,Terrell Burch,False,aavail_basic,19
492,united_states,23.0,Alaina Hull,True,aavail_premium,21
493,singapore,40.0,Maverick Wang,True,aavail_premium,7
494,singapore,23.0,Quincy Nunez,False,aavail_premium,13
495,united_states,27.0,Oscar Black,False,aavail_premium,26
496,united_states,41.0,Achilles Lang,True,aavail_basic,21
497,united_states,19.0,Deacon Porter,True,aavail_unlimited,21
498,singapore,20.0,Romeo Campbell,True,aavail_basic,16
499,united_states,31.0,Eloise Hendricks,True,aavail_premium,27
500,united_states,23.0,Hayley Harrell,True,aavail_unlimited,19
501,united_states,25.0,Madelynn Conley,True,aavail_premium,19
502,united_states,21.0,Nelson Avalos,True,aavail_basic,20
503,singapore,25.0,Silas Bass,False,aavail_basic,11
504,singapore,23.0,Amora Phillips,True,aavail_basic,19
505,singapore,20.0,Alejandra Wilkins,True,aavail_basic,10
506,singapore,29.0,Genesis Yoder,True,aavail_basic,20
507,singapore,29.0,Skylar Rosario,False,aavail_basic,15
508,united_states,25.0,Ariana Waters,True,aavail_basic,17
509,united_states,28.0,Amaia Zavala,False,aavail_unlimited,23
510,united_states,31.0,Josephine Bartlett,True,aavail_basic,16
511,united_states,27.0,Maddison Cohen,True,aavail_premium,18
512,united_states,52.0,Kade Norman,True,aavail_premium,20
513,united_states,26.0,Claire Brandt,True,aavail_basic,24
514,united_states,41.0,Hadassah Barker,True,aavail_basic,19
515,singapore,43.0,Andres Barrera,True,aavail_basic,16
516,united_states,26.0,Abdiel Wu,True,aavail_basic,20
517,singapore,26.0,Cyrus Case,False,aavail_premium,18
518,singapore,24.0,Amia Gregory,False,aavail_basic,19
519,united_states,43.0,Harlee Davidson,True,aavail_basic,17
520,united_states,24.0,Leandro Ibarra,True,aavail_basic,18
521,united_states,26.0,Fabian Fuentes,True,aavail_premium,16
522,united_states,24.0,Brayden Oconnell,True,aavail_unlimited,16
523,singapore,40.0,Zara Sanchez,True,aavail_basic,20
524,united_states,43.0,Malaysia Callahan,True,aavail_premium,4
525,united_states,24.0,Cameron Hale,True,aavail_unlimited,18
526,singapore,25.0,Thaddeus Spencer,True,aavail_basic,19
527,united_states,28.0,Jayce Logan,True,aavail_basic,17
528,singapore,22.0,Gabriel Hughes,False,aavail_premium,5
529,united_states,43.0,Jericho Mata,True,aavail_unlimited,21
530,singapore,26.0,Virginia Peralta,False,aavail_unlimited,21
531,united_states,27.0,Oakley Mcdonald,True,aavail_premium,19
532,united_states,26.0,Jimena Wilkinson,True,aavail_premium,19
533,singapore,43.0,Ella Daugherty,True,aavail_basic,17
534,united_states,38.0,Jason Salinas,True,aavail_premium,21
535,united_states,23.0,Ryann Briggs,True,aavail_basic,20
536,united_states,42.0,Heidi Andrade,True,aavail_unlimited,17
537,united_states,20.0,Queen Farrell,True,aavail_unlimited,17
538,united_states,27.0,Hendrix Wyatt,True,aavail_basic,24
539,singapore,26.0,Emory Schmitt,False,aavail_unlimited,8
540,united_states,28.0,Ryan Ward,True,aavail_basic,22
541,united_states,23.0,Sarai Parrish,True,aavail_basic,15
542,united_states,48.0,Whitley Ware,True,aavail_premium,17
543,singapore,27.0,Jameson Matthews,False,aavail_unlimited,14
544,united_states,28.0,Mariana Shields,False,aavail_premium,18
545,united_states,25.0,Kara Jaramillo,False,aavail_basic,18
546,united_states,26.0,Knox Payne,True,aavail_unlimited,22
547,united_states,42.0,Cayden Pitts,True,aavail_basic,20
548,united_states,26.0,Alyssa Costa,True,aavail_basic,20
549,singapore,23.0,Solomon Murillo,False,aavail_unlimited,16
550,united_states,43.0,Miah Sawyer,False,aavail_basic,21
551,united_states,27.0,Josue Casey,False,aavail_unlimited,9
552,singapore,30.0,Kadence Johnston,False,aavail_basic,17
553,united_states,25.0,Harrison Byrd,True,aavail_basic,20
554,united_states,21.0,Alec Kerr,False,aavail_premium,24
555,united_states,44.0,Rose Potter,True,aavail_unlimited,19
556,united_states,46.0,Kaleb Newman,True,aavail_unlimited,20
557,united_states,23.0,Phoenix Medrano,True,aavail_premium,22
558,united_states,45.0,Terry Vu,False,aavail_basic,13
559,singapore,20.0,Luella Thornton,True,aavail_basic,16
560,united_states,29.0,Jaylee Mercado,True,aavail_unlimited,14
561,united_states,27.0,Sara Singleton,False,aavail_unlimited,22
562,united_states,23.0,Kylan Savage,True,aavail_unlimited,22
563,united_states,21.0,Watson Moody,False,aavail_basic,21
564,united_states,23.0,Anson Diaz,True,aavail_unlimited,21
565,united_states,42.0,Bo Allen,True,aavail_unlimited,21
566,united_states,23.0,Cain Glover,True,aavail_basic,19
567,united_states,25.0,Koda Chang,True,aavail_basic,20
568,united_states,25.0,Zayn Aguilar,True,aavail_basic,22
569,united_states,29.0,Nathalie Horn,False,aavail_premium,13
570,united_states,22.0,Aron Sosa,True,aavail_basic,14
571,united_states,20.0,Santino Haley,False,aavail_premium,20
572,united_states,38.0,Genevieve Bullock,False,aavail_unlimited,23
573,singapore,22.0,Chris Pennington,True,aavail_unlimited,17
574,singapore,25.0,Khaleesi Crawford,False,aavail_premium,15
575,united_states,23.0,Scarlette Hamilton,True,aavail_basic,22
576,united_states,24.0,Mae Willis,True,aavail_basic,19
577,singapore,24.0,James Prince,False,aavail_unlimited,16
578,united_states,36.0,Milani Mann,False,aavail_unlimited,17
579,united_states,28.0,Elias Dennis,True,aavail_premium,15
580,singapore,23.0,Avery Holmes,False,aavail_unlimited,12
581,singapore,24.0,Guillermo Pratt,True,aavail_basic,20
582,united_states,27.0,Tatiana Abbott,True,aavail_unlimited,15
583,united_states,22.0,Mathias Mills,True,aavail_premium,21
584,united_states,49.0,Liam Taylor,True,aavail_unlimited,4
585,united_states,26.0,Lea Weeks,True,aavail_premium,15
586,united_states,47.0,Trey Cervantes,True,aavail_basic,14
587,united_states,26.0,Jeremias Castro,True,aavail_unlimited,21
588,united_states,47.0,Matias Velasquez,True,aavail_basic,24
589,united_states,25.0,Milan Raymond,True,aavail_unlimited,22
590,united_states,22.0,Zachariah Zuniga,True,aavail_basic,22
591,united_states,29.0,Yahir Harding,True,aavail_basic,21
592,united_states,48.0,Aubrey Meyers,True,aavail_premium,8
593,united_states,32.0,Kairo Golden,True,aavail_basic,18
594,united_states,25.0,Martin Baker,True,aavail_basic,23
595,singapore,22.0,Dream Esparza,False,aavail_premium,21
596,united_states,42.0,Maximus Turner,True,aavail_unlimited,18
597,united_states,25.0,Hazel Alexander,True,aavail_premium,21
598,united_states,39.0,Leroy Carter,True,aavail_unlimited,25
599,united_states,28.0,Joaquin Keith,True,aavail_premium,19
600,singapore,23.0,Walter French,True,aavail_unlimited,11
601,singapore,25.0,Wilson Henson,True,aavail_basic,18
602,united_states,37.0,Juan Mckee,True,aavail_unlimited,10
603,singapore,26.0,Shiloh Carlson,False,aavail_unlimited,10
604,united_states,36.0,Jefferson Roy,True,aavail_premium,25
605,united_states,29.0,Briar Vaughn,True,aavail_basic,14
606,united_states,27.0,King Gaines,True,aavail_basic,20
607,united_states,27.0,Kolton Harmon,True,aavail_premium,20
608,united_states,23.0,Amos Dorsey,True,aavail_basic,21
609,united_states,50.0,Sam Bridges,True,aavail_unlimited,18
610,singapore,40.0,Ayla Henry,False,aavail_unlimited,7
611,united_states,49.0,Konnor Chambers,True,aavail_unlimited,19
612,united_states,42.0,Estella Ramirez,True,aavail_basic,23
613,united_states,26.0,June Williams,True,aavail_basic,22
614,united_states,23.0,Juelz Wong,True,aavail_premium,20
615,singapore,39.0,Nova Montgomery,True,aavail_basic,9
616,singapore,28.0,Amani Felix,False,aavail_unlimited,23
617,united_states,35.0,Moises Wagner,True,aavail_basic,21
618,singapore,39.0,Joshua Woodard,False,aavail_premium,22
619,united_states,28.0,Alice Montoya,False,aavail_premium,21
620,united_states,52.0,Evie Mason,True,aavail_basic,20
621,united_states,27.0,Isaac Buckley,True,aavail_basic,19
622,singapore,24.0,Hayden Shannon,True,aavail_basic,13
623,united_states,24.0,Callen Villegas,True,aavail_unlimited,9
624,united_states,30.0,Zakai Jimenez,True,aavail_unlimited,20
625,singapore,24.0,Karter Simon,False,aavail_unlimited,13
626,singapore,28.0,Charlie Elliott,True,aavail_basic,16
627,united_states,36.0,Francis Cuevas,True,aavail_unlimited,16
628,united_states,56.0,Ruby Fischer,True,aavail_unlimited,25
629,united_states,26.0,Jesiah Chapman,True,aavail_unlimited,24
630,united_states,24.0,Davis Pena,True,aavail_unlimited,19
631,singapore,38.0,Yareli Person,False,aavail_basic,14
632,singapore,21.0,Holly Sloan,False,aavail_basic,8
633,singapore,26.0,Killian Hahn,False,aavail_unlimited,18
634,singapore,25.0,Reign Pineda,True,aavail_unlimited,16
635,united_states,30.0,Phillip Zamora,True,aavail_unlimited,25
636,singapore,22.0,Jadiel Lucero,False,aavail_unlimited,18
637,united_states,47.0,Holden Osborne,True,aavail_basic,10
638,united_states,31.0,Frederick Andersen,False,aavail_basic,22
639,united_states,26.0,Fisher Padilla,True,aavail_unlimited,23
640,singapore,25.0,Johan Beard,False,aavail_unlimited,14
641,singapore,23.0,Boone Larsen,True,aavail_unlimited,11
642,singapore,26.0,Payton Coffey,True,aavail_premium,24
643,singapore,42.0,Azariah Mathews,False,aavail_premium,11
644,united_states,41.0,Diego Mueller,True,aavail_unlimited,20
645,singapore,26.0,Brycen Hogan,False,aavail_unlimited,12
646,singapore,35.0,Jaycee Powell,False,aavail_basic,22
647,singapore,42.0,Karson Johns,True,aavail_unlimited,12
648,united_states,36.0,Addisyn George,True,aavail_premium,22
649,united_states,28.0,Aylin Wiley,True,aavail_unlimited,18
650,singapore,22.0,Patrick Robertson,False,aavail_basic,8
651,united_states,29.0,Terrence House,True,aavail_premium,19
652,singapore,26.0,Ivan Andrews,False,aavail_premium,19
653,united_states,27.0,Caspian Beltran,True,aavail_premium,18
654,united_states,24.0,Estrella Aguirre,True,aavail_premium,21
655,united_states,33.0,Alessandro Calderon,True,aavail_premium,19
656,united_states,44.0,Stanley Morton,True,aavail_premium,16
657,united_states,39.0,Alberto Combs,False,aavail_premium,20
658,singapore,22.0,Shepherd Kelley,True,aavail_premium,17
659,singapore,25.0,Molly Rose,True,aavail_basic,20
660,singapore,26.0,Julien Mccullough,False,aavail_unlimited,10
661,united_states,21.0,Owen David,True,aavail_premium,17
662,united_states,27.0,Rayna Huff,True,aavail_basic,22
663,united_states,28.0,Adalyn Roman,True,aavail_premium,12
664,united_states,23.0,Mario Rodgers,True,aavail_basic,18
665,united_states,53.0,Dustin Ford,True,aavail_unlimited,21
666,united_states,22.0,Larry Dunlap,True,aavail_unlimited,18
667,united_states,49.0,Bradley Pittman,True,aavail_premium,19
668,united_states,24.0,Ezra Lozano,True,aavail_unlimited,21
669,singapore,25.0,Franco Kirby,False,aavail_premium,14
670,united_states,24.0,Weston Sweeney,True,aavail_unlimited,16
671,united_states,25.0,Melvin Hensley,True,aavail_unlimited,16
672,united_states,25.0,Kyla Olson,True,aavail_basic,23
673,united_states,21.0,Rex Bates,False,aavail_premium,17
674,united_states,21.0,Sean Reeves,True,aavail_unlimited,18
675,united_states,17.0,Blake Mendoza,True,aavail_unlimited,24
676,singapore,28.0,Dana Frye,False,aavail_premium,14
677,united_states,53.0,Quentin Knight,True,aavail_basic,23
678,singapore,25.0,Grady Day,False,aavail_premium,12
679,united_states,39.0,Kamiyah Myers,True,aavail_premium,19
680,united_states,28.0,Edith Guzman,True,aavail_unlimited,17
681,united_states,44.0,Bailee Greene,True,aavail_basic,18
682,united_states,27.0,Cory Doyle,True,aavail_premium,20
683,singapore,22.0,Draven Summers,True,aavail_basic,14
684,united_states,24.0,Paisley Lamb,True,aavail_premium,22
685,singapore,41.0,Destiny Barajas,False,aavail_premium,8
686,united_states,26.0,Zaiden Meza,True,aavail_unlimited,21
687,united_states,23.0,Henry Richmond,True,aavail_unlimited,19
688,singapore,20.0,Reed Huerta,False,aavail_unlimited,20
689,united_states,44.0,Brynleigh Wall,True,aavail_premium,5
690,singapore,44.0,Imran Lopez,True,aavail_premium,13
691,singapore,30.0,Ulises Cannon,False,aavail_basic,19
692,singapore,29.0,Lennon Hodges,True,aavail_premium,18
693,singapore,24.0,Jaziel Estes,False,aavail_unlimited,16
694,united_states,27.0,Darius Peters,True,aavail_premium,23
695,united_states,43.0,Tobias Winters,True,aavail_premium,20
696,singapore,24.0,Evangeline Robinson,False,aavail_premium,23
697,singapore,22.0,Alexzander Novak,False,aavail_unlimited,8
698,singapore,30.0,Leonidas Ochoa,False,aavail_unlimited,10
699,united_states,43.0,Jamir Wilkerson,True,aavail_unlimited,20
700,united_states,20.0,Wesson Ramsey,True,aavail_premium,23
701,united_states,24.0,Vincent Stone,True,aavail_unlimited,17
702,united_states,25.0,Karter Wilson,True,aavail_basic,23
703,united_states,30.0,Shepard Hunter,True,aavail_premium,7
704,singapore,28.0,Jeffery Heath,False,aavail_unlimited,17
705,united_states,20.0,Aldo Hess,False,aavail_premium,20
706,united_states,25.0,Colette Sellers,True,aavail_premium,22
707,singapore,27.0,Memphis Huang,False,aavail_basic,20
708,united_states,45.0,Lucy Ingram,True,aavail_unlimited,21
709,united_states,46.0,Demetrius Martinez,True,aavail_basic,14
710,united_states,25.0,Mckenzie Kelly,True,aavail_premium,19
711,united_states,51.0,Juniper Walton,True,aavail_basic,19
712,united_states,24.0,Mathew Ballard,True,aavail_premium,12
713,united_states,27.0,Porter Thompson,True,aavail_unlimited,18
714,singapore,21.0,Lincoln Meyer,False,aavail_premium,18
715,united_states,24.0,Troy Corona,True,aavail_basic,19
716,united_states,26.0,Hadlee Walker,False,aavail_basic,21
717,united_states,27.0,Renata Fuller,False,aavail_premium,25
718,united_states,25.0,Etta Joseph,False,aavail_premium,23
719,singapore,24.0,Emmett Evans,False,aavail_basic,18
720,singapore,25.0,Mylah Cummings,True,aavail_premium,20
721,singapore,27.0,Violet Duke,False,aavail_basic,21
722,united_states,25.0,Samir Mclaughlin,True,aavail_premium,20
723,singapore,45.0,Zander Cisneros,False,aavail_premium,12
724,singapore,42.0,Lylah Sandoval,False,aavail_unlimited,16
725,united_states,21.0,Conner Stanley,True,aavail_basic,13
726,singapore,21.0,Leona Beil,True,aavail_basic,17
727,singapore,21.0,Bruce Carpenter,False,aavail_unlimited,17
728,united_states,49.0,Kennedi Galvan,True,aavail_premium,22
729,united_states,29.0,Briggs Clark,True,aavail_premium,20
730,united_states,26.0,Zev Cochran,True,aavail_basic,17
731,united_states,25.0,Lyric Boone,True,aavail_premium,17
732,united_states,24.0,Aiyana Carroll,True,aavail_basic,13
733,singapore,23.0,Kelly Goodman,True,aavail_basic,2
734,united_states,29.0,Augustus Walsh,True,aavail_unlimited,18
735,united_states,28.0,Dante Avery,True,aavail_premium,21
736,united_states,31.0,Ariel Ball,False,aavail_basic,25
737,united_states,40.0,Armando Portillo,True,aavail_unlimited,22
738,singapore,37.0,Marley Bernal,False,aavail_premium,20
739,united_states,23.0,Mark Knapp,True,aavail_unlimited,22
740,singapore,28.0,Layne Wolf,False,aavail_premium,17
741,united_states,25.0,Enoch Brady,True,aavail_basic,15
742,united_states,43.0,Otis Hopkins,True,aavail_unlimited,19
743,united_states,24.0,Bristol Strong,True,aavail_basic,23
744,singapore,30.0,Mustafa Kemp,False,aavail_unlimited,4
745,united_states,29.0,Arturo Barron,True,aavail_unlimited,21
746,singapore,25.0,Justice Dawson,False,aavail_unlimited,20
747,united_states,26.0,Lochlan Guevara,False,aavail_unlimited,17
748,united_states,26.0,Colson Mendez,True,aavail_premium,15
749,singapore,20.0,Nevaeh Warner,False,aavail_unlimited,18
750,united_states,26.0,Heavenly Herring,True,aavail_unlimited,2
751,united_states,23.0,Angel Rogers,False,aavail_unlimited,17
752,united_states,51.0,Ruth Pope,True,aavail_unlimited,18
753,united_states,21.0,Aubree Nixon,True,aavail_unlimited,22
754,united_states,42.0,Roman Wallace,True,aavail_unlimited,17
755,united_states,23.0,Alfonso Chavez,True,aavail_premium,24
756,united_states,23.0,Amiya Shah,False,aavail_basic,21
757,united_states,28.0,Lorelei Hall,True,aavail_premium,17
758,united_states,22.0,Anderson Yang,True,aavail_unlimited,16
759,united_states,45.0,Jane Mcmahon,False,aavail_basic,22
760,united_states,23.0,Meghan Conway,False,aavail_unlimited,19
761,singapore,26.0,Heath Valenzuela,False,aavail_unlimited,27
762,singapore,21.0,Alvaro Steele,False,aavail_premium,15
763,united_states,23.0,Devon Branch,True,aavail_basic,19
764,united_states,20.0,Celeste Holt,True,aavail_basic,16
765,singapore,44.0,Amari Griffith,False,aavail_premium,11
766,united_states,51.0,Maximiliano Singh,True,aavail_premium,23
767,united_states,28.0,Elliot Mccarthy,True,aavail_basic,19
768,united_states,24.0,Mina Jensen,True,aavail_basic,16
769,united_states,25.0,Spencer Yates,True,aavail_basic,16
770,united_states,28.0,Alani Correa,True,aavail_basic,23
771,united_states,23.0,River Marks,True,aavail_unlimited,10
772,united_states,24.0,Aaliyah Duarte,True,aavail_premium,22
773,united_states,22.0,Kason Chung,True,aavail_unlimited,17
774,united_states,22.0,Damon Boyer,True,aavail_basic,9
775,singapore,22.0,Opal Jacobs,True,aavail_premium,10
776,singapore,24.0,Talon Hayes,True,aavail_basic,8
777,united_states,24.0,Lawson Vo,True,aavail_premium,22
778,singapore,26.0,Paige Bryant,True,aavail_unlimited,16
779,united_states,32.0,Kehlani Ferguson,True,aavail_premium,22
780,united_states,22.0,Ellianna Gates,False,aavail_unlimited,12
781,united_states,26.0,Kassidy Macdonald,True,aavail_premium,23
782,united_states,26.0,Jose Harrison,True,aavail_unlimited,22
783,united_states,44.0,Iker Berger,True,aavail_basic,15
784,united_states,24.0,Cristiano Smith,True,aavail_basic,24
785,united_states,22.0,Rhett Leal,True,aavail_premium,22
786,singapore,25.0,Blake Harris,True,aavail_basic,21
787,united_states,50.0,Jake Banks,True,aavail_basic,16
788,united_states,42.0,Zaire Cook,True,aavail_premium,21
789,united_states,24.0,Christopher Hendrix,True,aavail_basic,22
790,united_states,37.0,Mercy Tapia,True,aavail_basic,14
791,singapore,39.0,Kenzo Pollard,False,aavail_unlimited,22
792,singapore,41.0,Clyde Caldwell,True,aavail_basic,14
793,united_states,26.0,Kamden Barton,True,aavail_unlimited,23
794,united_states,30.0,Aria Vasquez,True,aavail_premium,22
795,singapore,25.0,Sullivan Mccall,False,aavail_premium,14
796,united_states,39.0,Monroe Oliver,True,aavail_unlimited,21
797,united_states,23.0,Brianna Pham,True,aavail_premium,20
798,united_states,22.0,Axton Jackson,True,aavail_premium,15
799,united_states,22.0,Cecelia Odom,True,aavail_premium,20
800,united_states,42.0,Celia Brewer,True,aavail_unlimited,14
801,singapore,52.0,Kora Snow,False,aavail_unlimited,17
802,united_states,21.0,Emilio Cruz,True,aavail_basic,19
803,united_states,39.0,Sterling Lucas,True,aavail_premium,21
804,united_states,28.0,Autumn Rich,True,aavail_basic,22
805,united_states,40.0,Koa Villarreal,True,aavail_unlimited,18
806,singapore,18.0,Dylan Potts,False,aavail_premium,21
807,united_states,26.0,Kinley Hancock,True,aavail_basic,18
808,singapore,46.0,Aspen Gardner,True,aavail_premium,13
809,united_states,22.0,Jamison Hansen,False,aavail_basic,13
810,united_states,42.0,Andy Le,True,aavail_unlimited,25
811,singapore,23.0,Paola Cole,True,aavail_basic,13
812,singapore,22.0,Frankie Molina,False,aavail_basic,23
813,singapore,29.0,Wyatt Nielsen,True,aavail_basic,17
814,united_states,25.0,Daisy Olsen,True,aavail_unlimited,23
815,singapore,26.0,Kylee Dillon,False,aavail_basic,18
816,united_states,29.0,Onyx Vang,True,aavail_basic,20
817,united_states,25.0,Eli Duran,False,aavail_premium,20
818,united_states,21.0,Elliott Perez,True,aavail_premium,20
819,united_states,35.0,Rey Farmer,False,aavail_unlimited,19
820,united_states,43.0,Elian Simmons,True,aavail_unlimited,22
821,singapore,24.0,Ashlynn Ahmed,False,aavail_basic,19
822,singapore,41.0,Issac Marquez,False,aavail_unlimited,16
823,united_states,23.0,Ignacio Brennan,True,aavail_premium,17
824,singapore,23.0,Nathaniel Strickland,True,aavail_premium,17
825,united_states,49.0,Reece Gonzalez,True,aavail_basic,15
826,singapore,37.0,Kinsley Rollins,True,aavail_basic,20
827,united_states,25.0,Xzavier Campos,True,aavail_basic,23
828,singapore,48.0,Will Gentry,True,aavail_basic,16
829,united_states,25.0,Elyse Nicholson,False,aavail_unlimited,21
830,singapore,42.0,Ledger Hanna,True,aavail_basic,9
831,united_states,26.0,Seth Vance,False,aavail_unlimited,22
832,united_states,27.0,Calvin Neal,True,aavail_premium,14
833,united_states,25.0,Jax Jordan,True,aavail_unlimited,23
834,singapore,26.0,Shane Lambert,True,aavail_unlimited,18
835,singapore,23.0,Westin Bowers,False,aavail_premium,16
836,singapore,36.0,Colton Mitchell,True,aavail_premium,10
837,singapore,29.0,Payton Silva,True,aavail_basic,18
838,united_states,23.0,Malakai Booker,True,aavail_basic,21
839,united_states,29.0,Dakari Cantrell,True,aavail_basic,6
840,singapore,21.0,Zoie Cortes,False,aavail_premium,20
841,united_states,24.0,Mitchell Arellano,False,aavail_premium,20
842,singapore,24.0,Allison Villalobos,False,aavail_premium,3
843,united_states,26.0,Leighton Brooks,True,aavail_basic,8
844,united_states,28.0,Millie Mcclure,True,aavail_premium,19
845,united_states,21.0,Darian Ho,True,aavail_premium,21
846,united_states,35.0,Grayson Malone,False,aavail_unlimited,27
847,united_states,55.0,Maximilian Nolan,True,aavail_premium,22
848,singapore,22.0,Everly Horne,True,aavail_basic,19
849,united_states,21.0,Callan Truong,True,aavail_basic,17
850,united_states,29.0,Mack Cantu,True,aavail_premium,21
851,united_states,26.0,Theo Russo,False,aavail_basic,18
852,united_states,22.0,Brittany Hardy,True,aavail_basic,16
853,united_states,24.0,Ronan Bowen,True,aavail_basic,12
854,united_states,29.0,Anika Lane,True,aavail_unlimited,20
855,united_states,24.0,Kayson Oconnor,False,aavail_unlimited,20
856,united_states,24.0,Evan Weiss,True,aavail_unlimited,20
857,united_states,42.0,Chad Jenkins,True,aavail_premium,20
858,singapore,49.0,Giovanni Richards,False,aavail_unlimited,15
859,singapore,23.0,Miles Friedman,False,aavail_unlimited,5
860,united_states,22.0,Langston Ponce,True,aavail_basic,16
861,singapore,33.0,Jaylah Church,False,aavail_unlimited,17
862,united_states,59.0,Rene Howe,True,aavail_premium,23
863,united_states,29.0,Bryant English,True,aavail_premium,19
864,singapore,30.0,David Huynh,False,aavail_basic,18
865,united_states,22.0,Raul May,True,aavail_basic,16
866,united_states,29.0,Coleman Reyna,True,aavail_premium,23
867,singapore,23.0,Marcelo Wells,True,aavail_unlimited,15
868,united_states,27.0,Decker Lindsey,True,aavail_basic,20
869,singapore,29.0,Joyce Short,True,aavail_basic,20
870,united_states,25.0,Bria Hartman,False,aavail_premium,21
871,united_states,48.0,Victor Bautista,False,aavail_premium,22
872,united_states,24.0,Avi Martin,True,aavail_basic,17
873,united_states,27.0,Amaris Rice,True,aavail_premium,23
874,united_states,22.0,Jermaine Mckay,True,aavail_premium,14
875,singapore,28.0,Jack Franco,False,aavail_unlimited,12
876,united_states,41.0,Johnny Clarke,False,aavail_premium,20
877,united_states,25.0,Lainey Baldwin,True,aavail_basic,21
878,united_states,23.0,Emmeline Moon,True,aavail_unlimited,22
879,singapore,41.0,Manuel Foley,False,aavail_basic,15
880,united_states,23.0,Cruz Burke,True,aavail_premium,20
881,united_states,47.0,Rowen Owens,True,aavail_premium,22
882,united_states,21.0,Serenity Ali,True,aavail_basic,24
883,united_states,23.0,Milo Wiggins,True,aavail_unlimited,22
884,singapore,24.0,Hamza Frost,False,aavail_unlimited,13
885,united_states,22.0,Makayla Williamson,True,aavail_premium,23
886,united_states,47.0,Wallace Faulkner,False,aavail_unlimited,6
887,united_states,44.0,Alaya Patterson,True,aavail_premium,21
888,singapore,25.0,Alexis Price,False,aavail_unlimited,10
889,singapore,26.0,Quinn Murphy,False,aavail_unlimited,15
890,united_states,43.0,Lennox Dickerson,True,aavail_premium,21
891,united_states,46.0,Jasmine Sampson,True,aavail_unlimited,9
892,singapore,24.0,Penelope Shaw,True,aavail_basic,3
893,united_states,26.0,Sunny Rocha,True,aavail_basic,14
894,united_states,23.0,Cohen Phelps,True,aavail_basic,17
895,united_states,33.0,Paisleigh Bauer,True,aavail_unlimited,17
896,singapore,28.0,Ryder Welch,False,aavail_basic,19
897,united_states,25.0,Jordan Escobar,True,aavail_basic,18
898,united_states,41.0,Ramona Donovan,True,aavail_premium,21
899,singapore,29.0,Keenan Krueger,True,aavail_basic,19
900,united_states,32.0,Emery Blankenship,True,aavail_basic,20
901,united_states,24.0,Timothy Hayden,True,aavail_premium,20
902,united_states,23.0,Maximo Bonilla,False,aavail_basic,14
903,united_states,24.0,Waylon Kline,True,aavail_basic,20
904,united_states,27.0,Uriel Hudson,True,aavail_basic,18
905,united_states,29.0,Kannon Russell,True,aavail_unlimited,22
906,united_states,23.0,Xiomara Benjamin,True,aavail_basic,20
907,singapore,32.0,Samira Roach,False,aavail_premium,16
908,singapore,47.0,Thiago Foster,True,aavail_basic,18
909,united_states,26.0,Alonzo Li,False,aavail_premium,22
910,singapore,25.0,Maxton Tyler,True,aavail_basic,21
911,united_states,27.0,Yael Gill,True,aavail_premium,16
912,singapore,29.0,Ray Lynn,True,aavail_basic,20
913,singapore,24.0,Amara Boyle,False,aavail_premium,13
914,united_states,20.0,Orlando Gonzales,True,aavail_unlimited,18
915,united_states,27.0,Aries Parra,True,aavail_basic,19
916,united_states,23.0,Matteo Townsend,True,aavail_basic,14
917,singapore,25.0,Tatum Atkinson,False,aavail_unlimited,15
918,united_states,26.0,Nyla Burton,True,aavail_basic,17
919,united_states,26.0,Jenna Poole,True,aavail_basic,18
920,singapore,25.0,Drake Love,False,aavail_premium,9
921,singapore,22.0,Emmaline Frank,False,aavail_premium,14
922,united_states,39.0,Riley Hebert,True,aavail_basic,22
923,united_states,34.0,Sophia Deleon,True,aavail_premium,14
924,united_states,16.0,Margot Marshall,True,aavail_unlimited,18
925,united_states,27.0,Reginald Mejia,True,aavail_unlimited,18
926,united_states,24.0,Dennis Sparks,True,aavail_premium,23
927,singapore,30.0,Preston Page,True,aavail_unlimited,20
928,united_states,26.0,Marvin Sutton,True,aavail_unlimited,19
929,united_states,38.0,Jemma Colon,False,aavail_basic,25
930,united_states,23.0,Jerry Cordova,True,aavail_basic,19
931,united_states,44.0,Chance Good,True,aavail_premium,19
932,singapore,28.0,Noor Stuart,True,aavail_premium,9
933,united_states,28.0,Carmen Blair,True,aavail_unlimited,18
934,united_states,42.0,Forrest Parks,True,aavail_unlimited,19
935,united_states,24.0,Antonio Burnett,True,aavail_premium,19
936,united_states,29.0,Terrance Bernard,True,aavail_unlimited,17
937,united_states,23.0,Jaylen Rhodes,False,aavail_basic,19
938,singapore,25.0,Ashley Zimmerman,False,aavail_basic,20
939,united_states,36.0,Hugh Livingston,True,aavail_unlimited,19
940,united_states,27.0,Nickolas Mays,True,aavail_basic,18
941,united_states,32.0,Brock Benson,True,aavail_unlimited,18
942,united_states,43.0,Conrad Choi,True,aavail_basic,18
943,singapore,40.0,Gracelynn Fry,False,aavail_unlimited,24
944,united_states,27.0,Cadence Holland,True,aavail_premium,18
945,singapore,27.0,Jasiah Schroeder,False,aavail_basic,16
946,united_states,41.0,Lionel Snyder,True,aavail_unlimited,21
947,united_states,24.0,Nasir Morgan,True,aavail_unlimited,22
948,united_states,28.0,Adaline Ortiz,True,aavail_premium,18
949,united_states,25.0,Aubriella Mccoy,False,aavail_basic,22
950,singapore,23.0,Grant Preston,False,aavail_premium,13
951,united_states,23.0,Annie Henderson,True,aavail_premium,23
952,united_states,31.0,Kayleigh Lugo,True,aavail_premium,23
953,united_states,23.0,Travis Harrington,True,aavail_premium,20
954,united_states,42.0,Haley Velez,True,aavail_premium,20
955,united_states,28.0,Beckham Rosales,True,aavail_premium,24
956,united_states,46.0,Harper Collins,True,aavail_basic,21
957,singapore,22.0,Stetson Kim,True,aavail_basic,20
958,singapore,48.0,Edgar Browning,True,aavail_premium,12
959,united_states,26.0,Deandre Lyons,True,aavail_premium,17
960,united_states,44.0,Juliana Arnold,True,aavail_unlimited,22
961,united_states,26.0,Nicholas Mcintyre,True,aavail_unlimited,21
962,singapore,41.0,Jurnee Clay,True,aavail_premium,12
963,united_states,30.0,Thomas Allison,True,aavail_basic,26
964,united_states,43.0,Dakota Gray,True,aavail_basic,21
965,united_states,41.0,Saint Wright,True,aavail_basic,20
966,united_states,23.0,Clay Rush,True,aavail_premium,22
967,singapore,21.0,Aniyah Moreno,True,aavail_premium,15
968,united_states,33.0,Samson Hicks,True,aavail_premium,20
969,united_states,25.0,Ezequiel Drake,True,aavail_basic,17
970,singapore,50.0,Gordon Proctor,False,aavail_premium,13
971,united_states,29.0,Teagan Griffin,True,aavail_premium,18
972,united_states,22.0,Diana Wise,True,aavail_unlimited,22
973,united_states,47.0,Maryam Sheppard,True,aavail_basic,17
974,united_states,17.0,Simon Stokes,True,aavail_unlimited,17
975,united_states,55.0,Leo Harper,False,aavail_basic,22
976,united_states,25.0,Thatcher Best,True,aavail_basic,18
977,united_states,28.0,Crew West,True,aavail_unlimited,20
978,singapore,22.0,Boston Stark,False,aavail_premium,8
979,singapore,28.0,Elisha Bishop,True,aavail_basic,17
980,united_states,22.0,Forest Bradshaw,False,aavail_premium,19
981,united_states,25.0,Carlos Mckenzie,True,aavail_unlimited,25
982,singapore,27.0,Cassandra Guerrero,True,aavail_basic,18
983,singapore,21.0,Dominic Trujillo,True,aavail_premium,13
984,singapore,57.0,Westley Leon,True,aavail_basic,20
985,united_states,26.0,Juliette Fitzgerald,True,aavail_premium,22
986,united_states,29.0,Adam Burns,True,aavail_basic,19
987,united_states,26.0,Bianca Benitez,True,aavail_basic,15
988,united_states,23.0,Soren Leach,True,aavail_premium,17
989,united_states,36.0,Anakin Shepherd,True,aavail_basic,13
990,united_states,30.0,Liv Howard,True,aavail_basic,21
991,singapore,27.0,Mariah Rangel,True,aavail_basic,11
992,united_states,19.0,Mary Newton,False,aavail_premium,20
993,united_states,28.0,Asher Shelton,True,aavail_unlimited,22
994,united_states,41.0,Zahir Cabrera,True,aavail_unlimited,7
995,united_states,22.0,Steven Bean,True,aavail_basic,21
996,singapore,58.0,Peyton Enriquez,False,aavail_unlimited,14
997,united_states,26.0,Amina Manning,True,aavail_basic,24
998,united_states,27.0,Brooks Ventura,True,aavail_unlimited,17
999,united_states,42.0,Nayeli Mathis,True,aavail_unlimited,16
1000,united_states,23.0,Cole Solis,True,aavail_unlimited,18
